Income,Credit Rating,Credit Class
41810,734,1
6652,756,1
67283,662,1
32673,388,1
12013,50,0
99184,700,1
17947,391,1
5282,893,1
14112,130,0
47436,176,0
5687,292,0
83342,546,1
48515,56,0
44332,667,1
85065,305,1
69845,494,1
49122,572,1
80626,635,1
67350,769,1
38998,730,1
88837,437,1
94788,253,1
7707,569,1
91083,681,1
65383,184,0
23416,271,0
77712,46,0
5944,297,0
21013,972,1
25995,853,1
33057,253,0
86135,91,0
36935,471,1
99431,218,1
54635,257,1
28605,257,0
49415,448,1
57301,967,1
18418,641,1
44936,82,0
16726,121,0
32050,203,0
16858,446,1
98484,508,1
43330,297,1
67545,705,1
96192,846,1
49689,618,1
19871,678,1
82644,89,0
80618,327,1
50459,931,1
51155,304,1
62142,908,1
83631,336,1
50594,991,1
79361,432,1
22791,137,0
54748,363,1
94255,251,1
12469,770,1
43743,871,1
99953,449,1
87256,49,0
80109,854,1
19106,598,1
31129,491,1
56185,681,1
17186,787,1
39125,422,1
63017,39,0
47963,276,1
7549,819,1
98261,672,1
82430,894,1
47602,173,0
14109,95,0
16843,188,0
53753,870,1
34452,89,0
29867,301,0
37523,500,1
20227,974,1
47422,223,0
34427,370,1
41517,858,1
30172,584,1
70006,142,0
88835,543,1
84296,619,1
54270,462,1
87315,711,1
26093,372,1
69801,791,1
72840,254,1
87849,832,1
59321,578,1
74788,162,0
89375,878,1
83952,765,1
30631,992,1
30247,44,0
13896,974,1
35843,44,0
55371,112,0
57365,439,1
22942,678,1
73076,12,0
96391,593,1
48626,18,0
32156,180,0
75725,105,0
34151,976,1
84395,352,1
14417,94,0
80022,512,1
55504,41,0
54704,589,1
84016,556,1
85007,829,1
82208,446,1
55402,467,1
74131,814,1
73107,727,1
92691,891,1
20739,78,0
47930,678,1
9434,858,1
80899,669,1
7041,115,0
55037,686,1
69134,298,1
97676,27,0
21001,914,1
79177,273,1
93266,861,1
38300,662,1
48664,411,1
11159,846,1
17041,902,1
30616,100,0
94442,690,1
33031,867,1
84084,912,1
88365,813,1
86876,617,1
93628,841,1
83892,914,1
48832,179,0
93342,713,1
51661,815,1
39175,854,1
14782,697,1
45573,789,1
22728,786,1
47590,985,1
76095,915,1
47247,36,0
38072,883,1
6265,69,0
93505,465,1
40513,843,1
30217,214,0
86783,359,1
81568,737,1
9270,640,1
51137,39,0
47310,968,1
58474,161,0
95105,57,0
65952,643,1
31090,750,1
92479,968,1
45833,805,1
63955,387,1
47381,395,1
84394,93,0
27718,67,0
36232,95,0
74890,292,1
81381,36,0
25902,304,0
90696,423,1
50341,60,0
21379,948,1
5175,673,1
94987,862,1
64108,331,1
50857,308,1
24266,489,1
14215,259,0
5252,900,1
73798,855,1
94842,768,1
78789,879,1
58411,306,1
77117,742,1
92185,294,1
52714,860,1
50755,345,1
82682,565,1
20753,856,1
68706,400,1
61764,411,1
96781,153,0
46385,396,1
35498,172,0
91888,292,1
63319,830,1
26192,349,1
8455,578,1
65868,107,0
41496,224,0
78566,825,1
82552,678,1
41852,783,1
26586,132,0
26880,916,1
23371,998,1
35719,364,1
79439,459,1
12643,748,1
28381,135,0
77279,239,1
35014,978,1
45285,473,1
88707,618,1
87232,333,1
44328,313,1
75804,662,1
99363,42,0
53873,235,0
12886,310,0
38890,246,0
83210,308,1
67175,728,1
15104,224,0
89775,618,1
27500,249,0
6375,838,1
18166,165,0
7821,937,1
50592,823,1
60855,229,1
72612,348,1
90501,21,0
94259,166,0
8106,327,0
55552,407,1
96552,891,1
99663,196,1
80930,12,0
57235,293,1
42801,701,1
74598,965,1
63425,618,1
41602,530,1
28613,177,0
23383,284,0
92361,521,1
58742,309,1
68535,944,1
15454,247,0
23043,114,0
50978,31,0
34163,966,1
74764,109,0
65660,243,1
69058,65,0
87480,413,1
19989,238,0
24566,220,0
42266,310,1
8934,596,1
57320,691,1
66213,461,1
91319,358,1
92144,195,1
79695,477,1
48949,894,1
90598,652,1
23407,139,0
52723,127,0
47041,998,1
86416,591,1
98191,421,1
13160,53,0
56204,345,1
32966,547,1
58315,139,0
85715,229,1
66165,747,1
17966,212,0
61101,613,1
87433,716,1
94417,146,0
53704,235,0
49050,488,1
87603,494,1
61413,720,1
46388,261,1
52564,683,1
90965,207,1
23449,932,1
96123,198,1
86340,85,0
15209,632,1
12087,189,0
93367,153,0
92323,545,1
69134,664,1
52539,777,1
12906,872,1
99060,813,1
98666,940,1
28545,533,1
84315,269,1
55344,238,1
13104,48,0
88385,407,1
23168,582,1
70173,582,1
66374,936,1
46063,377,1
33325,801,1
31163,986,1
40301,458,1
42900,804,1
5103,509,0
30730,785,1
95169,96,0
60734,590,1
25916,959,1
35802,838,1
27378,552,1
45916,307,1
75015,61,0
70955,273,1
37387,678,1
11199,485,1
50308,379,1
57763,868,1
46248,466,1
58894,836,1
5003,434,0
71600,279,1
62533,739,1
71546,476,1
37289,695,1
80903,149,0
5184,196,0
84885,588,1
12077,924,1
56696,76,0
12896,407,0
69177,82,0
12785,733,1
94975,92,0
17800,905,1
55122,574,1
50327,73,0
76051,705,1
94751,100,0
80706,849,1
58632,496,1
51381,279,1
76969,671,1
16826,708,1
37541,894,1
79852,162,0
37954,698,1
70899,731,1
23649,996,1
46807,426,1
50041,655,1
13401,82,0
69056,721,1
53459,828,1
25005,771,1
48036,564,1
63730,307,1
80632,900,1
90288,692,1
97528,594,1
17390,826,1
42955,446,1
34283,33,0
52575,538,1
78585,547,1
5744,690,1
38844,953,1
32502,727,1
77083,367,1
52434,52,0
29219,237,0
37788,527,1
74859,425,1
89596,59,0
28588,880,1
68417,333,1
42864,138,0
39252,25,0
69800,90,0
38249,989,1
89976,472,1
57726,612,1
11226,480,1
86132,562,1
11783,799,1
34449,530,1
11555,785,1
81468,353,1
64545,230,1
57302,668,1
42471,382,1
94305,269,1
62366,675,1
12972,538,1
99868,275,1
57624,620,1
83728,361,1
40833,831,1
73434,26,0
41817,465,1
83895,576,1
22646,271,0
19488,141,0
33342,891,1
25341,16,0
42007,693,1
67174,368,1
37419,549,1
73388,271,1
42923,399,1
19852,348,0
69465,576,1
38874,591,1
28182,788,1
52072,780,1
45473,796,1
94571,723,1
9077,173,0
37821,606,1
5950,35,0
18186,578,1
38985,137,0
80686,132,0
59259,14,0
68005,439,1
91526,552,1
74605,286,1
95793,478,1
62090,957,1
77957,608,1
63844,593,1
18690,854,1
72935,792,1
97919,339,1
34589,934,1
13254,353,0
81936,928,1
71169,949,1
25129,440,1
27355,393,1
72353,932,1
15670,183,0
23877,468,1
63827,647,1
57205,469,1
23515,159,0
9138,366,0
84480,154,0
21774,400,1
89052,83,0
14350,569,1
44316,749,1
20506,456,1
23172,979,1
86028,409,1
54902,318,1
72358,144,0
36171,785,1
39216,789,1
6665,199,0
40895,891,1
45674,686,1
95982,615,1
19922,661,1
46659,362,1
44938,385,1
53190,538,1
49246,433,1
5359,269,0
58152,443,1
25599,44,0
26654,281,0
70856,428,1
71173,5,0
50548,921,1
8994,843,1
33648,677,1
20249,922,1
72602,137,0
80509,137,0
75962,57,0
30795,45,0
27300,838,1
98414,511,1
27620,411,1
70830,581,1
22249,764,1
98252,624,1
83115,560,1
63502,875,1
62634,768,1
91738,964,1
9957,764,1
79563,400,1
35467,421,1
9868,916,1
90948,39,0
82817,430,1
8957,902,1
75723,22,0
81782,454,1
35835,964,1
22595,191,0
31084,529,1
82391,609,1
80611,391,1
53050,373,1
83078,425,1
13571,20,0
67467,934,1
51481,735,1
44911,623,1
43836,461,1
41724,77,0
82296,824,1
21787,230,0
83416,679,1
6488,813,1
21281,751,1
96464,107,0
51365,889,1
54141,484,1
30013,988,1
31266,988,1
53374,809,1
41540,797,1
99585,55,0
7797,90,0
88778,949,1
40428,106,0
80431,181,0
38748,635,1
66080,353,1
76778,196,0
65056,399,1
77973,675,1
44467,53,0
21087,442,1
42558,364,1
53763,354,1
13433,309,0
81644,383,1
94379,699,1
86633,828,1
16372,551,1
43387,738,1
82295,813,1
24983,804,1
31431,821,1
57361,222,0
64309,503,1
48385,800,1
58847,708,1
17530,165,0
45921,545,1
74889,528,1
24889,656,1
89026,146,0
64686,36,0
36884,51,0
40394,289,1
18775,652,1
36760,42,0
51834,170,0
5058,928,1
78454,574,1
54485,124,0
18402,285,0
59130,553,1
71331,137,0
52141,560,1
58438,570,1
28656,89,0
59981,812,1
38285,645,1
18146,580,1
74706,451,1
77948,718,1
90883,633,1
12119,54,0
8426,440,0
54185,195,0
96918,292,1
96083,872,1
85689,360,1
17540,695,1
97610,859,1
42003,973,1
54116,14,0
36500,993,1
76772,730,1
98550,731,1
13925,108,0
86969,217,1
35399,475,1
86033,471,1
5630,870,1
17403,626,1
63197,614,1
56621,783,1
97861,105,0
35053,162,0
94046,890,1
18402,216,0
53161,526,1
15601,19,0
18201,310,0
65479,908,1
13622,683,1
63565,367,1
84025,997,1
10164,384,0
34800,725,1
78550,814,1
39671,367,1
30597,550,1
5954,389,0
27755,893,1
48481,709,1
89145,115,0
37985,834,1
56864,548,1
97823,710,1
42214,977,1
48642,207,0
41967,652,1
97673,631,1
75196,958,1
51245,384,1
61541,678,1
71848,375,1
15443,738,1
15382,106,0
54167,160,0
27822,337,1
25302,124,0
17720,381,1
90538,619,1
87960,507,1
22151,267,0
39824,317,1
59094,641,1
34013,771,1
10069,287,0
69766,954,1
46770,20,0
41135,812,1
31010,392,1
10353,477,0
13796,40,0
89286,176,0
10101,200,0
31895,659,1
25533,695,1
9425,476,0
24053,768,1
70707,611,1
6661,755,1
10935,137,0
48870,692,1
29712,277,0
50412,901,1
66514,547,1
72795,166,0
79794,811,1
76135,71,0
90505,848,1
83194,10,0
42070,388,1
94421,111,0
23356,151,0
59263,652,1
46960,503,1
49047,242,0
84691,340,1
51600,752,1
63492,68,0
52117,7,0
17537,151,0
28241,719,1
92007,204,1
18069,982,1
11626,368,0
45173,181,0
47445,557,1
41744,449,1
15341,479,1
43787,927,1
35770,887,1
27650,319,1
39211,547,1
45647,485,1
90346,410,1
20424,762,1
51499,834,1
73548,136,0
18538,466,1
6095,626,1
33337,360,1
43508,440,1
71650,27,0
27689,613,1
79307,322,1
79451,494,1
73271,875,1
63367,287,1
93430,496,1
28114,664,1
64775,180,0
29376,481,1
61941,538,1
93169,631,1
34611,282,0
88855,416,1
15502,793,1
17327,286,0
32776,796,1
25414,350,1
51292,975,1
27219,441,1
95198,508,1
32514,8,0
45101,219,0
21619,372,1
70209,851,1
88797,699,1
36335,39,0
76417,843,1
53832,734,1
11133,570,1
83871,334,1
7798,904,1
93352,450,1
88728,545,1
87694,509,1
8129,831,1
32662,427,1
75161,742,1
99638,904,1
83896,542,1
40136,175,0
87345,702,1
96935,712,1
14686,149,0
44935,221,0
78671,279,1
32122,670,1
79317,240,1
43579,72,0
74243,334,1
96405,323,1
50405,677,1
57021,738,1
15684,667,1
79270,562,1
8197,747,1
24829,825,1
23685,350,1
30679,253,0
50795,20,0
62680,191,0
99639,388,1
53511,759,1
99355,950,1
35948,893,1
51297,683,1
55004,31,0
76621,66,0
68772,396,1
8848,872,1
22942,111,0
23193,902,1
62840,127,0
40474,368,1
7392,865,1
58610,187,0
84607,703,1
73393,491,1
38664,213,0
14282,794,1
43305,504,1
60651,55,0
92646,720,1
13265,321,0
63674,370,1
54550,369,1
94272,846,1
26735,494,1
23948,679,1
74060,882,1
55831,565,1
64981,378,1
39018,819,1
25344,257,0
7622,99,0
22405,316,0
30248,360,1
48622,993,1
51288,478,1
17117,86,0
39291,156,0
49384,165,0
58160,614,1
92735,257,1
53936,740,1
47774,527,1
93117,938,1
45223,55,0
21014,382,1
95971,354,1
98842,307,1
53283,484,1
33243,376,1
41124,843,1
24319,992,1
35901,453,1
47888,82,0
53690,988,1
54350,36,0
44567,822,1
78087,204,1
64481,606,1
55106,863,1
27713,182,0
66085,118,0
96602,788,1
34716,140,0
93307,55,0
72157,611,1
47233,379,1
20358,300,0
94996,67,0
95128,398,1
66783,411,1
79730,362,1
59315,389,1
59851,369,1
98038,330,1
44531,355,1
95527,39,0
55882,997,1
83408,767,1
21200,423,1
47531,401,1
98697,91,0
97418,942,1
69901,848,1
76991,717,1
80102,443,1
58216,628,1
98880,575,1
70584,223,1
73527,68,0
71157,280,1
75324,239,1
80126,513,1
20424,577,1
6431,346,0
31347,893,1
43823,32,0
44887,654,1
96579,721,1
36587,493,1
64828,833,1
59072,633,1
88745,895,1
80657,964,1
45086,727,1
43929,44,0
40187,597,1
92762,436,1
97376,338,1
82346,640,1
91537,924,1
46758,334,1
58261,510,1
89314,971,1
73767,966,1
68624,964,1
37712,582,1
68688,28,0
11818,424,0
7001,858,1
59735,481,1
30792,274,0
30669,654,1
91789,565,1
80670,40,0
35055,600,1
80318,999,1
96718,235,1
24092,24,0
33637,63,0
72190,210,1
57913,397,1
88612,464,1
60021,167,0
80367,320,1
47847,725,1
94190,387,1
87475,189,0
42929,479,1
86170,514,1
90037,811,1
60777,630,1
99919,148,0
59792,54,0
57325,714,1
48358,663,1
16517,410,1
47786,317,1
9674,438,0
97717,804,1
53235,49,0
94087,271,1
20633,675,1
82314,672,1
18997,653,1
48356,462,1
88733,223,1
48408,730,1
27837,55,0
49887,358,1
62223,297,1
80031,491,1
63366,241,1
57720,784,1
36147,232,0
49954,406,1
38481,229,0
38196,762,1
74285,145,0
39558,328,1
24226,279,0
63676,584,1
89285,560,1
80091,415,1
88472,982,1
8944,905,1
58789,486,1
45377,974,1
64774,810,1
40702,389,1
23022,528,1
75905,37,0
55187,705,1
30693,149,0
80542,221,1
51668,928,1
7901,680,1
78029,163,0
39006,442,1
69724,341,1
74337,611,1
12172,723,1
43719,526,1
15016,357,0
53275,409,1
39368,424,1
91957,86,0
27928,989,1
56100,19,0
29529,476,1
24591,360,1
75641,491,1
68847,872,1
37894,720,1
17526,375,0
48226,201,0
68709,629,1
99801,826,1
35421,255,0
24588,900,1
98397,852,1
56994,118,0
5709,242,0
23138,871,1
69680,599,1
88974,965,1
64469,653,1
73424,823,1
93912,208,1
33708,929,1
16950,827,1
13063,248,0
56184,912,1
63204,230,1
95207,694,1
58562,295,1
86946,261,1
18106,504,1
79997,358,1
39186,911,1
52853,271,1
55423,393,1
6220,108,0
52116,229,0
20768,135,0
54553,205,0
24290,522,1
28018,128,0
14913,692,1
53263,751,1
84082,390,1
46156,456,1
87877,647,1
70987,516,1
82379,244,1
57132,387,1
62486,815,1
18637,230,0
71727,449,1
80446,915,1
83236,802,1
54617,804,1
84667,348,1
84331,504,1
56968,734,1
9781,275,0
77950,330,1
83828,458,1
18919,283,0
58917,718,1
11412,277,0
70722,50,0
77136,768,1
59878,240,1
68889,73,0
79000,216,1
39564,324,1
37397,997,1
89976,503,1
96114,527,1
57935,455,1
87793,832,1
40286,946,1
16073,762,1
67608,630,1
30357,86,0
32731,218,0
67958,997,1
28323,829,1
24949,639,1
45973,243,0
22536,705,1
10876,172,0
59249,945,1
59833,329,1
37484,303,1
8140,333,0
15536,743,1
19202,619,1
21281,190,0
57729,883,1
36678,861,1
19458,449,1
80215,933,1
72087,370,1
79262,920,1
18788,650,1
42675,229,0
84592,207,1
73386,843,1
17978,445,1
16768,912,1
15645,778,1
5425,500,0
53459,353,1
63820,771,1
62736,577,1
67898,111,0
66008,74,0
18964,52,0
87154,476,1
25259,271,0
96109,834,1
24264,60,0
92043,191,1
26665,967,1
45952,862,1
60173,132,0
34711,587,1
36847,808,1
29231,946,1
20206,381,1
51100,653,1
19187,424,1
44137,944,1
18470,551,1
61932,690,1
74584,435,1
76281,777,1
93273,594,1
47265,543,1
76512,947,1
12173,869,1
19313,296,0
33932,650,1
86048,958,1
24159,107,0
79804,49,0
16056,173,0
26137,87,0
24562,72,0
71671,853,1
86742,309,1
59131,822,1
94044,139,0
17827,57,0
80768,400,1
9354,773,1
93185,71,0
55103,604,1
31462,862,1
84127,670,1
77945,797,1
8099,886,1
55493,543,1
85676,974,1
46027,715,1
38426,7,0
10906,960,1
93381,166,0
39701,797,1
96927,812,1
16090,99,0
6724,373,0
68939,537,1
26296,102,0
79956,856,1
6534,165,0
42355,492,1
13786,253,0
76184,266,1
18159,214,0
92429,832,1
63050,833,1
38756,708,1
11922,202,0
39601,955,1
32093,286,0
61393,745,1
77126,290,1
78063,793,1
17204,785,1
58402,50,0
45182,80,0
5774,55,0
69292,640,1
39367,439,1
43284,842,1
71077,597,1
95598,726,1
8551,481,0
12316,76,0
31746,507,1
96294,646,1
87629,333,1
75664,474,1
94059,229,1
70452,898,1
21838,651,1
67323,307,1
71513,714,1
90276,865,1
89869,909,1
87852,209,1
89667,645,1
78286,963,1
10094,234,0
60311,893,1
18681,29,0
34803,955,1
58235,62,0
38091,589,1
40646,158,0
27618,843,1
18870,265,0
80987,159,0
84695,620,1
96836,765,1
22482,564,1
30203,406,1
19341,276,0
34041,597,1
78543,620,1
17958,572,1
83678,261,1
16130,797,1
36556,844,1
89846,304,1
57099,337,1
41300,957,1
71702,402,1
5377,315,0
75247,825,1
79345,247,1
63325,530,1
90090,881,1
18477,115,0
52764,674,1
18600,399,1
66055,943,1
30100,949,1
79977,497,1
31864,947,1
90060,536,1
15063,127,0
74857,459,1
77567,835,1
29899,762,1
41155,962,1
50938,965,1
15426,120,0
57520,528,1
28952,427,1
56700,437,1
99906,619,1
98733,97,0
39260,989,1
75178,558,1
15111,521,1
19427,763,1
79153,248,1
73706,775,1
65607,880,1
58516,900,1
84814,826,1
56407,403,1
94212,378,1
48276,99,0
25555,924,1
20209,804,1
38454,999,1
50386,845,1
18520,589,1
75657,805,1
27888,509,1
5735,818,1
83904,447,1
92155,122,0
68094,347,1
55668,630,1
25502,729,1
17030,955,1
30390,50,0
15121,689,1
80658,332,1
37002,396,1
97238,444,1
68605,394,1
33348,669,1
42582,37,0
82839,769,1
29268,168,0
92027,346,1
28321,809,1
46666,978,1
70204,885,1
29725,28,0
11934,344,0
21956,501,1
36124,249,0
29237,102,0
19702,934,1
79158,20,0
42581,521,1
6330,522,0
59316,788,1
97094,156,0
33420,331,1
19303,158,0
70122,352,1
58132,969,1
63852,649,1
14555,382,0
97165,479,1
41986,339,1
49625,890,1
46935,890,1
73352,681,1
28284,915,1
61813,644,1
29396,474,1
94852,648,1
63733,189,0
95016,71,0
35541,934,1
9883,754,1
52714,134,0
80819,568,1
78844,594,1
68359,875,1
68218,734,1
55953,838,1
82084,198,1
78322,740,1
29837,162,0
40430,133,0
8533,745,1
81143,585,1
34663,506,1
71574,274,1
91763,897,1
61620,311,1
53745,990,1
21483,738,1
80207,733,1
21812,364,1
77711,701,1
44018,341,1
28148,848,1
88689,790,1
49041,290,1
12940,799,1
88423,813,1
47646,127,0
5631,146,0
60558,480,1
48393,521,1
83469,716,1
14728,904,1
52268,930,1
96665,312,1
31516,594,1
47444,240,0
50581,711,1
79872,575,1
23713,231,0
48993,310,1
87378,62,0
54232,820,1
65720,3,0
63227,910,1
55295,243,1
39527,359,1
87672,111,0
49500,535,1
13359,117,0
47578,766,1
91985,94,0
20818,192,0
18256,456,1
41220,93,0
42334,354,1
58200,435,1
63953,358,1
87860,308,1
29716,37,0
81533,672,1
74674,429,1
66544,98,0
10351,122,0
40577,670,1
14446,564,1
30342,74,0
47301,692,1
90894,349,1
71135,691,1
28114,843,1
11408,384,0
39086,388,1
75900,416,1
56246,767,1
40160,664,1
55682,408,1
40922,17,0
42215,996,1
76869,120,0
99902,803,1
77251,493,1
9896,421,0
44773,747,1
70644,874,1
95707,886,1
36586,402,1
20596,780,1
99877,831,1
47866,509,1
28029,376,1
48022,134,0
56121,437,1
22617,418,1
96701,621,1
7695,653,1
60823,300,1
34414,836,1
40559,666,1
92496,528,1
50319,848,1
61636,155,0
70511,141,0
87193,500,1
54773,750,1
59423,443,1
82262,508,1
79467,762,1
37465,599,1
74936,611,1
91164,581,1
50841,438,1
87673,398,1
91128,93,0
98868,106,0
8980,826,1
9441,374,0
75116,857,1
26023,517,1
93281,552,1
81488,194,0
40348,838,1
36225,97,0
83756,448,1
57192,91,0
24224,304,0
64870,606,1
40445,239,0
46460,968,1
35292,581,1
41407,9,0
53394,321,1
58554,373,1
94207,965,1
62234,447,1
55484,95,0
22242,745,1
17598,961,1
50862,971,1
21369,412,1
88542,386,1
33463,72,0
38189,388,1
81611,826,1
88653,54,0
60095,872,1
77105,311,1
54666,656,1
45509,206,0
24178,134,0
32820,838,1
69300,238,1
50957,499,1
86399,334,1
15802,339,0
25066,578,1
83018,907,1
48930,400,1
17837,339,0
81326,474,1
60049,105,0
42837,888,1
18414,512,1
81931,846,1
40568,827,1
86815,516,1
67512,891,1
22042,711,1
72973,581,1
68814,585,1
65711,905,1
12691,318,0
93206,984,1
96362,731,1
17745,442,1
23707,174,0
70222,928,1
23928,818,1
34225,158,0
8609,485,0
40000,841,1
13265,6,0
51600,628,1
71475,574,1
65927,12,0
9030,478,0
67916,763,1
13687,112,0
50511,780,1
60408,725,1
47820,857,1
56351,13,0
50424,757,1
17257,110,0
18517,283,0
54144,774,1
39689,944,1
40561,54,0
97385,69,0
56139,802,1
84464,399,1
75415,318,1
34058,506,1
49000,702,1
15719,120,0
55785,756,1
85371,315,1
92674,674,1
88347,524,1
89991,541,1
9459,677,1
85033,598,1
46409,437,1
68780,367,1
45740,223,0
71300,223,1
89856,719,1
82347,627,1
31103,422,1
93109,516,1
49630,393,1
32642,229,0
59030,350,1
34563,899,1
19349,789,1
94798,505,1
21667,66,0
52247,105,0
93666,136,0
77381,248,1
17023,222,0
38048,448,1
37239,949,1
70049,117,0
29809,115,0
5061,54,0
59751,324,1
27364,997,1
74621,786,1
61229,109,0
27793,438,1
68795,417,1
49158,984,1
37664,740,1
10013,552,1
38508,885,1
5926,917,1
90427,459,1
37671,36,0
92780,793,1
42689,274,1
90697,970,1
95746,842,1
88675,552,1
17507,880,1
44548,714,1
50355,94,0
6797,775,1
80439,159,0
83117,226,1
65301,725,1
65004,410,1
68772,746,1
43089,92,0
46863,246,0
83703,449,1
36557,373,1
34723,576,1
57035,750,1
95479,145,0
64328,156,0
16181,189,0
90573,369,1
69761,30,0
49633,457,1
78479,271,1
72344,70,0
11889,543,1
42757,316,1
65888,664,1
82885,221,1
87026,349,1
40514,721,1
43689,591,1
43081,893,1
27348,393,1
99598,986,1
77238,531,1
35877,709,1
5821,861,1
63160,238,1
9438,671,1
54114,4,0
74144,692,1
87235,260,1
93898,329,1
24053,842,1
10816,514,1
85835,407,1
54284,838,1
19775,634,1
36966,524,1
11500,31,0
7385,842,1
28411,331,1
42986,81,0
69776,561,1
20669,849,1
6357,243,0
10545,352,0
10073,762,1
59274,353,1
37226,529,1
72935,734,1
90329,260,1
10146,466,0
20032,216,0
79654,616,1
47636,169,0
12068,127,0
54100,935,1
72543,951,1
39789,185,0
48106,285,1
13236,569,1
77313,719,1
25174,826,1
68235,621,1
51234,742,1
29638,719,1
18599,788,1
26102,184,0
10943,968,1
83341,489,1
6365,238,0
61836,233,1
94143,532,1
25686,693,1
43014,73,0
41444,243,0
74249,746,1
24520,176,0
88327,558,1
80071,591,1
39897,531,1
24418,28,0
32679,181,0
86369,542,1
42967,251,0
69560,837,1
93366,281,1
27300,186,0
39842,804,1
37176,881,1
42489,388,1
38205,995,1
28321,50,0
25702,877,1
42801,9,0
24513,605,1
75933,814,1
25081,769,1
59086,82,0
74112,985,1
45616,594,1
32213,597,1
86835,803,1
55638,462,1
48905,166,0
77252,698,1
70987,258,1
65636,651,1
65557,667,1
54897,297,1
96124,157,0
8516,529,1
69552,335,1
43668,201,0
14062,869,1
37881,646,1
51089,277,1
77660,385,1
15681,724,1
80327,997,1
79665,520,1
45239,609,1
85413,976,1
38260,948,1
65063,811,1
79765,23,0
72559,124,0
90743,932,1
86153,296,1
36579,125,0
32197,777,1
10164,800,1
31873,968,1
48711,731,1
6369,655,1
58751,444,1
79106,927,1
16775,577,1
48906,724,1
39372,655,1
57674,936,1
45059,247,0
55246,859,1
31783,754,1
71698,880,1
21994,560,1
81111,95,0
59370,219,0
13289,887,1
97187,827,1
20579,52,0
39395,164,0
79409,445,1
41950,3,0
44875,529,1
14574,844,1
42993,809,1
56306,863,1
86605,55,0
76854,386,1
50711,928,1
38733,596,1
63741,729,1
59890,181,0
22656,832,1
21297,719,1
70982,431,1
15627,661,1
6979,118,0
93798,767,1
56959,361,1
79447,931,1
37599,705,1
63390,518,1
23472,419,1
26908,15,0
66754,517,1
64400,653,1
89026,974,1
63222,632,1
17566,293,0
7553,261,0
33046,531,1
42582,212,0
82730,436,1
94743,633,1
72027,441,1
88465,920,1
22002,817,1
79620,21,0
31375,351,1
20064,323,0
76848,568,1
22518,721,1
77293,604,1
38148,828,1
65641,708,1
71901,914,1
47925,5,0
54023,299,1
39699,619,1
68576,914,1
58880,990,1
81924,535,1
29704,814,1
33610,849,1
76667,266,1
12204,728,1
99221,950,1
84988,747,1
18537,675,1
7632,143,0
44092,457,1
55376,990,1
76273,930,1
57133,390,1
41905,591,1
70022,147,0
65470,409,1
62814,400,1
69461,553,1
16402,762,1
23800,141,0
33847,391,1
7711,881,1
58319,216,0
74239,359,1
37492,267,0
10773,289,0
96261,514,1
67584,185,0
78620,28,0
42891,626,1
46970,762,1
84264,762,1
8073,118,0
97886,351,1
16896,984,1
48251,59,0
33597,40,0
85738,486,1
33874,973,1
27590,692,1
38141,955,1
81823,718,1
99796,767,1
36619,226,0
16833,264,0
10066,669,1
52742,562,1
19765,522,1
96969,460,1
40044,892,1
72713,228,1
14296,161,0
30675,311,1
40830,314,1
37009,547,1
76717,386,1
21751,51,0
22902,885,1
18154,625,1
57008,948,1
22016,967,1
91781,349,1
29606,124,0
25280,656,1
22286,8,0
91207,847,1
80121,61,0
80084,357,1
36303,890,1
21186,262,0
40125,944,1
89508,600,1
51223,35,0
40804,466,1
56783,182,0
69141,805,1
31904,4,0
13122,97,0
96371,64,0
23595,564,1
7699,570,1
78788,58,0
78142,408,1
69741,20,0
10174,530,1
57090,314,1
94354,150,0
85223,713,1
75703,734,1
23160,227,0
36496,368,1
63817,528,1
38148,24,0
45031,957,1
70130,500,1
58298,46,0
6270,200,0
39245,8,0
69684,763,1
82903,654,1
21902,102,0
10199,808,1
99296,476,1
21492,742,1
68840,795,1
63393,395,1
61041,236,1
13048,590,1
82067,4,0
43467,610,1
14513,997,1
10951,755,1
14717,141,0
53019,762,1
36604,312,1
72312,770,1
50167,44,0
39279,57,0
7137,562,1
62884,199,0
28113,364,1
17264,552,1
46877,106,0
16604,111,0
66251,437,1
33760,959,1
98804,762,1
62494,438,1
9556,156,0
5238,426,0
32266,419,1
46661,690,1
57559,443,1
8900,757,1
63490,572,1
33625,119,0
30645,446,1
67512,199,0
80983,281,1
7717,63,0
97386,58,0
84506,365,1
23306,574,1
28119,583,1
91521,576,1
91053,569,1
96827,64,0
6000,444,0
94691,946,1
76302,894,1
50260,961,1
16365,840,1
47993,805,1
67189,105,0
65042,105,0
56643,427,1
12668,571,1
85307,482,1
87723,36,0
57211,890,1
24538,823,1
84369,699,1
23801,632,1
36069,467,1
72729,978,1
22681,201,0
59832,329,1
5659,16,0
21307,140,0
75198,666,1
99851,122,0
54000,525,1
9088,102,0
52568,395,1
34400,718,1
8709,398,0
40783,222,0
18450,494,1
55309,151,0
89161,588,1
19331,518,1
77345,777,1
45914,1,0
98118,282,1
45992,175,0
89495,798,1
32745,630,1
30255,279,0
55662,515,1
39805,980,1
57949,403,1
26399,182,0
5643,847,1
50712,974,1
96901,307,1
24919,577,1
26340,736,1
33090,491,1
14882,116,0
93140,513,1
96139,724,1
55972,702,1
16853,182,0
20845,407,1
89722,576,1
76577,736,1
86237,281,1
76374,738,1
78684,214,1
94534,377,1
45278,256,1
85427,460,1
9570,157,0
38770,283,1
35009,443,1
91358,454,1
76588,158,0
25194,171,0
28239,309,0
69131,964,1
99891,676,1
99613,633,1
63634,503,1
30625,14,0
89266,298,1
77489,273,1
82801,15,0
17732,176,0
8282,562,1
10979,862,1
97626,458,1
48818,886,1
9501,458,0
35811,816,1
70281,759,1
57282,282,1
43282,889,1
81519,615,1
90392,640,1
6429,860,1
62482,529,1
53101,623,1
52407,714,1
32937,910,1
36569,747,1
74322,911,1
77719,924,1
19190,212,0
6210,520,0
32249,294,1
96824,257,1
79508,885,1
94383,853,1
55783,56,0
51659,967,1
36723,14,0
27080,10,0
33358,859,1
22687,103,0
50554,588,1
58513,607,1
96342,150,0
55761,852,1
32337,119,0
37305,416,1
83858,642,1
91532,248,1
29444,760,1
54695,796,1
38589,479,1
89588,121,0
31482,232,0
67995,516,1
60238,373,1
40991,920,1
5276,797,1
45228,452,1
7680,156,0
32018,872,1
8637,121,0
25223,372,1
29750,433,1
97454,536,1
84962,226,1
72756,560,1
66331,266,1
51213,639,1
37427,677,1
87231,319,1
80156,815,1
53956,702,1
22971,558,1
37769,430,1
61881,369,1
50872,492,1
96641,724,1
66858,298,1
88568,248,1
54439,862,1
61977,535,1
45129,22,0
40072,124,0
41076,611,1
43939,40,0
95809,335,1
66997,945,1
28530,631,1
22284,263,0
52208,308,1
52506,851,1
11728,489,1
42930,62,0
55895,245,1
5243,594,0
13285,895,1
82433,228,1
57708,211,0
38695,613,1
12092,595,1
39603,310,1
52492,597,1
19024,827,1
98629,686,1
81163,687,1
80963,403,1
74822,168,0
93405,272,1
47289,359,1
24390,971,1
88525,647,1
73432,986,1
69574,418,1
72417,81,0
61843,598,1
40952,714,1
42190,728,1
53785,224,0
79453,755,1
86703,154,0
74317,347,1
15976,547,1
62498,928,1
67889,584,1
30365,140,0
64481,986,1
69322,105,0
84917,344,1
11623,726,1
60634,186,0
65007,481,1
85019,436,1
22200,288,0
36967,476,1
88211,385,1
56802,115,0
52037,495,1
9131,26,0
84040,338,1
75729,761,1
80413,134,0
90854,468,1
78763,847,1
18284,851,1
56781,87,0
29721,942,1
56630,624,1
43603,552,1
43810,306,1
22287,713,1
76601,53,0
50217,301,1
68631,465,1
23396,867,1
14703,644,1
86197,766,1
13466,871,1
19553,718,1
78886,979,1
12616,725,1
94842,324,1
9886,930,1
23627,768,1
61445,220,0
12405,786,1
41576,351,1
87941,204,1
81791,346,1
24199,526,1
91504,113,0
10638,87,0
32830,28,0
49483,202,0
79882,958,1
91343,326,1
63275,272,1
50755,543,1
92378,347,1
72555,717,1
67902,458,1
53386,568,1
86178,753,1
85643,110,0
96929,899,1
9131,540,1
58288,499,1
25491,609,1
48639,591,1
80770,172,0
24600,698,1
80084,264,1
31833,793,1
86268,205,1
62374,285,1
90662,776,1
72729,977,1
47492,980,1
66997,907,1
87038,600,1
77139,669,1
51528,252,1
72111,815,1
63427,315,1
17729,891,1
13265,505,1
66749,151,0
89509,974,1
85466,464,1
20295,643,1
43710,526,1
14602,132,0
83661,358,1
50906,980,1
54531,645,1
10705,993,1
97249,179,0
32716,385,1
14806,797,1
47165,222,0
50995,135,0
63248,702,1
79728,982,1
51121,304,1
73167,99,0
16707,485,1
92138,519,1
24517,55,0
52728,878,1
97403,476,1
18605,132,0
47911,119,0
63068,451,1
10287,540,1
85456,149,0
67954,982,1
53978,183,0
62988,752,1
88203,687,1
76080,265,1
77086,179,0
14592,56,0
22088,652,1
5673,870,1
52094,554,1
85125,123,0
14790,528,1
63179,471,1
44190,146,0
61837,132,0
70170,408,1
70213,678,1
88707,977,1
9306,98,0
37774,880,1
80290,698,1
54032,606,1
15276,470,1
84244,288,1
54145,945,1
96654,836,1
76398,835,1
36682,545,1
26379,178,0
61787,482,1
83680,803,1
53788,720,1
87687,23,0
24295,571,1
28865,955,1
5220,338,0
93870,882,1
43255,860,1
90546,235,1
42354,267,1
87371,547,1
27581,419,1
11666,33,0
73800,214,1
10928,897,1
26599,927,1
82450,287,1
85521,763,1
64911,575,1
38920,829,1
55288,642,1
55976,840,1
80303,235,1
66245,64,0
77529,400,1
51991,579,1
29854,424,1
88534,18,0
95519,321,1
97043,997,1
14252,51,0
36680,991,1
61239,946,1
30620,727,1
62026,840,1
84221,873,1
85578,803,1
75775,54,0
77562,648,1
75509,242,1
49783,910,1
94981,892,1
43624,543,1
67094,936,1
97723,10,0
12239,150,0
83001,763,1
16060,752,1
16061,817,1
35609,868,1
90697,220,1
67965,588,1
27866,386,1
55216,601,1
82903,983,1
31698,82,0
70462,973,1
68333,373,1
8944,635,1
22653,90,0
28122,124,0
47482,704,1
32266,702,1
90193,348,1
83651,419,1
94528,378,1
39728,545,1
81239,732,1
60436,846,1
61744,437,1
67673,44,0
96381,351,1
50167,35,0
30185,608,1
54108,897,1
6765,689,1
51882,750,1
50561,984,1
69256,27,0
63689,545,1
91511,76,0
94813,744,1
88539,372,1
40781,291,1
52279,465,1
32065,335,1
31696,338,1
32580,179,0
50975,298,1
51007,571,1
62496,516,1
39605,306,1
39403,127,0
33636,653,1
13180,302,0
84586,373,1
14666,592,1
52207,318,1
94430,453,1
27125,642,1
77257,573,1
17796,723,1
77852,793,1
69877,751,1
78051,575,1
33916,819,1
85820,354,1
72191,979,1
32356,484,1
80520,112,0
70126,331,1
58850,817,1
76824,502,1
42867,185,0
81677,706,1
54113,675,1
50907,883,1
83761,508,1
30858,83,0
28045,24,0
15411,156,0
98684,379,1
79064,358,1
63086,135,0
10418,240,0
20842,76,0
55502,591,1
67952,211,0
50145,652,1
51649,622,1
56951,91,0
55911,765,1
51689,235,0
37412,952,1
61000,543,1
37311,181,0
29944,364,1
65180,403,1
48488,794,1
41491,266,1
90676,7,0
15868,626,1
59881,925,1
44870,986,1
83460,291,1
91087,649,1
68625,679,1
67018,672,1
63438,369,1
54012,958,1
19562,599,1
65303,759,1
52285,933,1
17961,642,1
38821,383,1
64197,305,1
18178,826,1
58210,441,1
5608,339,0
86690,590,1
13972,522,1
69461,515,1
41058,398,1
71424,22,0
90090,505,1
83900,563,1
53340,152,0
28289,725,1
76684,506,1
68059,605,1
87636,992,1
21142,348,0
41658,979,1
84941,537,1
43852,372,1
11752,335,0
24482,881,1
96658,977,1
30838,659,1
76473,725,1
90415,46,0
6581,720,1
74944,422,1
98861,169,0
68137,40,0
63391,585,1
39685,698,1
84988,15,0
83285,897,1
56410,847,1
86429,825,1
22474,859,1
99193,109,0
5699,577,0
25058,172,0
98496,723,1
14708,276,0
63515,73,0
31558,104,0
12819,250,0
30545,329,1
6168,693,1
39815,543,1
58084,825,1
77478,247,1
56834,691,1
90381,789,1
77641,396,1
84598,468,1
9560,351,0
41510,225,0
8395,404,0
32658,959,1
39616,493,1
13432,402,0
85067,10,0
26792,927,1
26133,807,1
23533,762,1
94834,315,1
66567,959,1
88498,703,1
98811,472,1
90558,735,1
30620,502,1
5671,143,0
15881,200,0
6271,316,0
84870,378,1
21029,566,1
45749,787,1
51643,675,1
53522,496,1
15539,965,1
77700,873,1
59602,356,1
84016,268,1
59039,962,1
27555,956,1
25352,807,1
87047,44,0
90663,948,1
89218,139,0
32630,696,1
24452,360,1
86095,506,1
24081,725,1
19168,317,0
83114,304,1
44419,968,1
13062,470,1
76123,726,1
10254,538,1
65872,510,1
90487,772,1
9517,603,1
24132,745,1
20259,30,0
70655,936,1
34655,954,1
36202,325,1
19100,82,0
5253,882,1
49584,122,0
49079,638,1
6631,258,0
62193,393,1
20726,811,1
87074,722,1
68648,605,1
87304,126,0
13747,639,1
60412,267,1
71257,550,1
88230,506,1
10761,869,1
51364,511,1
69794,507,1
88627,827,1
67165,724,1
46261,730,1
58683,725,1
29122,100,0
63851,615,1
41563,99,0
78276,303,1
27979,336,1
84892,869,1
22207,418,1
30434,18,0
16016,70,0
45618,617,1
96786,664,1
64230,683,1
25435,750,1
75411,988,1
48358,895,1
21565,235,0
64504,917,1
34578,255,0
73548,746,1
92205,743,1
88234,299,1
8001,14,0
11959,937,1
41526,882,1
77878,93,0
5194,785,1
85582,132,0
36126,262,0
78317,190,0
11338,149,0
29772,493,1
71323,315,1
90671,809,1
67282,499,1
66105,449,1
7818,51,0
86216,157,0
28810,296,0
74845,501,1
22663,207,0
37664,126,0
51712,394,1
82768,184,0
54742,11,0
48724,54,0
43959,550,1
28359,628,1
5976,715,1
44574,74,0
43844,634,1
49401,119,0
35744,915,1
68184,186,0
66051,435,1
54572,197,0
60777,491,1
51236,669,1
79591,470,1
57680,116,0
46788,645,1
37659,343,1
11198,593,1
40631,616,1
90611,480,1
67202,227,1
53876,837,1
70904,745,1
15953,237,0
88441,642,1
18271,646,1
36014,670,1
65368,161,0
55081,13,0
56841,78,0
43921,708,1
57550,87,0
29554,964,1
34059,651,1
8161,627,1
38416,804,1
63177,329,1
94793,913,1
91551,640,1
81680,191,0
36542,527,1
63710,248,1
82666,413,1
15102,95,0
90147,950,1
61864,384,1
26179,500,1
57459,291,1
31626,431,1
52342,606,1
53491,421,1
36809,475,1
75880,481,1
39259,61,0
65396,299,1
89032,984,1
42409,981,1
93258,594,1
51622,398,1
73288,129,0
52232,648,1
53164,316,1
64047,311,1
29842,593,1
58619,882,1
50019,717,1
96866,604,1
6859,902,1
39297,241,0
60590,861,1
97816,993,1
26319,482,1
54677,175,0
25614,778,1
25265,590,1
36414,533,1
50031,351,1
52235,606,1
85077,843,1
90750,715,1
79409,476,1
17506,722,1
90927,901,1
79345,278,1
32473,465,1
50092,990,1
5677,587,0
47682,756,1
30107,558,1
48078,470,1
65768,969,1
89735,1,0
56877,15,0
82645,491,1
15964,417,1
43850,323,1
95574,708,1
30101,522,1
89091,281,1
94522,787,1
14025,213,0
64111,805,1
55123,813,1
62433,528,1
52131,453,1
86029,161,0
7383,552,0
73215,373,1
25483,587,1
42248,451,1
46218,787,1
84770,948,1
99109,303,1
11678,34,0
54712,273,1
27254,317,1
63570,434,1
90105,635,1
12133,127,0
95867,357,1
99773,853,1
85722,287,1
59308,936,1
49514,409,1
93416,536,1
48314,307,1
74152,280,1
45607,229,0
98945,892,1
11034,112,0
60511,537,1
74915,826,1
82503,868,1
42866,897,1
32894,361,1
33697,654,1
69948,791,1
37568,947,1
53895,68,0
42393,479,1
10931,210,0
83924,94,0
88554,481,1
8901,569,1
57142,907,1
63556,167,0
15167,372,0
59694,806,1
79114,44,0
84080,809,1
9779,466,0
84427,667,1
65653,976,1
37655,594,1
79748,74,0
66774,349,1
79901,941,1
67889,996,1
67673,435,1
23838,626,1
5294,643,1
71415,275,1
87200,518,1
83078,490,1
8269,514,0
73595,702,1
50698,135,0
37781,132,0
63588,370,1
77109,105,0
40176,428,1
71602,307,1
60323,239,1
60566,508,1
75014,447,1
16796,873,1
61772,19,0
61387,194,0
87435,952,1
75385,726,1
60406,729,1
67230,76,0
67090,468,1
13681,642,1
65240,662,1
25762,672,1
94813,557,1
40294,906,1
8560,669,1
78058,571,1
18694,870,1
29482,351,1
73593,937,1
58382,367,1
15062,310,0
7978,781,1
16458,379,0
14962,30,0
21205,394,1
80004,546,1
27264,699,1
39439,38,0
74649,6,0
62615,640,1
6866,293,0
36042,993,1
26769,105,0
82600,222,1
89864,410,1
35682,254,0
89246,130,0
63137,232,1
13235,88,0
29225,660,1
86996,970,1
40577,536,1
28944,472,1
26786,722,1
79534,908,1
44078,435,1
88560,866,1
75009,626,1
86093,956,1
45893,238,0
46920,380,1
49869,103,0
69220,586,1
5677,639,1
68420,45,0
32581,277,0
5572,581,0
29602,494,1
46800,756,1
63933,738,1
89416,917,1
21395,432,1
9123,751,1
47103,349,1
42190,9,0
58625,298,1
51326,861,1
16495,965,1
21830,208,0
60167,447,1
7469,820,1
85135,221,1
25335,898,1
41099,128,0
78936,278,1
99166,738,1
79521,384,1
99153,337,1
97019,748,1
94451,222,1
79335,32,0
92808,373,1
96442,566,1
30436,300,0
94744,391,1
15073,203,0
95574,850,1
70375,900,1
38324,20,0
25556,318,0
68625,664,1
93830,802,1
17699,294,0
59863,435,1
8741,230,0
84269,474,1
49671,413,1
82744,340,1
86081,290,1
64418,411,1
73070,618,1
6926,233,0
49858,660,1
64055,219,1
94222,893,1
30126,100,0
59310,876,1
57390,635,1
14352,372,0
69387,490,1
73235,939,1
38428,141,0
98524,868,1
23251,945,1
8040,102,0
74787,514,1
48730,700,1
61151,672,1
65877,66,0
45064,630,1
44802,856,1
78389,222,1
97468,65,0
12240,563,1
13367,523,1
46017,589,1
47889,474,1
13580,930,1
29239,561,1
89969,409,1
94286,947,1
33835,799,1
52058,285,1
48618,247,1
45533,527,1
92384,741,1
42596,628,1
36037,871,1
64252,387,1
74391,52,0
40709,176,0
13630,396,0
38064,519,1
19966,241,0
12991,285,0
55974,157,0
51456,84,0
41377,259,0
84596,449,1
14738,531,1
64010,208,0
57515,49,0
93069,556,1
73576,547,1
32160,140,0
35205,42,0
9563,11,0
73413,800,1
8248,970,1
40335,175,0
63184,603,1
15849,825,1
44235,449,1
31862,377,1
74627,948,1
15114,573,1
10419,51,0
62038,2,0
90261,233,1
86806,698,1
46380,353,1
83168,195,0
47998,105,0
61770,437,1
26616,260,0
51696,768,1
91863,669,1
95049,709,1
52191,994,1
24634,421,1
87541,876,1
27100,577,1
13430,877,1
33544,201,0
19958,856,1
74537,983,1
48942,731,1
79166,738,1
85443,56,0
16153,855,1
92310,561,1
31590,387,1
23422,168,0
95315,258,1
98827,366,1
73624,998,1
57156,843,1
91436,5,0
9423,434,0
6985,765,1
10555,498,1
69893,137,0
42963,387,1
21305,500,1
12704,975,1
30846,701,1
47996,90,0
85414,949,1
40200,391,1
68440,716,1
44262,928,1
92341,286,1
35309,963,1
12027,842,1
95153,275,1
52181,841,1
25395,977,1
12448,133,0
38132,664,1
32333,705,1
29080,829,1
53950,598,1
47348,524,1
31564,712,1
99755,886,1
57382,129,0
74973,552,1
56038,928,1
50451,542,1
7769,304,0
43219,783,1
32401,454,1
31296,316,1
23268,709,1
95355,815,1
66876,457,1
65232,82,0
9031,595,1
49757,222,0
25938,847,1
32902,300,1
37948,96,0
64275,974,1
56041,449,1
18909,995,1
56956,947,1
59960,762,1
61446,697,1
85888,779,1
45055,720,1
64576,21,0
92390,805,1
44918,556,1
44029,467,1
76091,240,1
43108,173,0
36323,921,1
41860,694,1
29967,962,1
51127,88,0
11115,215,0
47151,93,0
21285,783,1
64410,408,1
11137,106,0
5625,588,0
94816,605,1
29188,602,1
39675,197,0
22544,993,1
82928,725,1
61582,180,0
84515,429,1
70953,86,0
8926,528,1
72137,985,1
74704,623,1
6861,293,0
94601,342,1
56397,861,1
97665,883,1
85905,958,1
69090,234,1
43725,740,1
7325,934,1
98549,421,1
68797,732,1
64067,883,1
27699,736,1
49130,539,1
95817,184,0
18437,719,1
41374,157,0
98927,367,1
79021,959,1
66922,920,1
98950,133,0
20052,594,1
93957,56,0
63932,7,0
52729,979,1
30380,534,1
61344,682,1
51167,396,1
80099,651,1
99367,467,1
64095,884,1
11800,916,1
52066,175,0
28819,334,1
39057,117,0
64636,479,1
45160,744,1
92935,148,0
91020,819,1
54369,127,0
51462,808,1
37091,272,0
61912,121,0
48471,529,1
41465,640,1
77840,759,1
37599,90,0
18044,180,0
46020,817,1
90378,395,1
66255,10,0
73356,753,1
65156,328,1
67473,167,0
15583,75,0
65356,405,1
30005,913,1
5627,468,0
88677,753,1
35735,227,0
55681,681,1
41489,202,0
70948,430,1
38137,165,0
26137,711,1
88408,749,1
66700,508,1
10761,622,1
27642,712,1
36079,295,1
90582,317,1
99271,686,1
91150,550,1
50220,411,1
69548,312,1
41941,547,1
63348,287,1
85934,604,1
71292,525,1
69810,926,1
43870,924,1
5879,368,0
90592,714,1
94722,479,1
31076,121,0
96493,202,1
96589,952,1
40707,821,1
74306,907,1
6275,588,0
93962,425,1
9249,369,0
91395,506,1
34341,153,0
84944,173,0
7546,385,0
44349,560,1
97971,767,1
43849,594,1
94561,700,1
46325,412,1
95302,26,0
67362,243,1
91935,607,1
94523,925,1
67822,21,0
26324,487,1
90909,690,1
72457,456,1
65101,600,1
54026,745,1
79325,572,1
58220,137,0
31556,455,1
66237,746,1
47446,255,1
5804,589,0
56374,205,0
56705,293,1
47947,30,0
94742,743,1
33881,600,1
98740,801,1
8512,300,0
28039,398,1
38402,425,1
86656,402,1
69839,150,0
95905,720,1
46082,428,1
80092,224,1
63949,19,0
82609,477,1
24772,268,0
48462,327,1
39808,983,1
50434,582,1
8157,471,0
34159,584,1
26860,304,0
33936,933,1
18448,557,1
7234,259,0
83406,402,1
89215,412,1
72596,745,1
65904,646,1
36998,537,1
20309,813,1
58516,692,1
63926,143,0
99998,870,1
61477,900,1
19644,117,0
18397,178,0
77369,332,1
89472,562,1
81277,305,1
10495,238,0
67216,17,0
24015,733,1
59238,923,1
82054,373,1
28984,186,0
60827,523,1
53060,361,1
42581,136,0
46815,829,1
66750,420,1
27554,810,1
10736,751,1
69963,5,0
78525,731,1
57923,801,1
88681,738,1
91932,941,1
64133,800,1
52614,521,1
5843,68,0
64690,447,1
55305,105,0
21471,997,1
84585,794,1
41027,591,1
23684,1,0
42617,25,0
48753,595,1
68216,297,1
49273,886,1
53931,441,1
85836,611,1
57329,48,0
27420,559,1
14817,83,0
21410,817,1
20092,321,0
98660,915,1
72035,318,1
62829,311,1
56429,550,1
54297,152,0
26897,754,1
63887,102,0
93969,464,1
69892,423,1
79416,990,1
33492,36,0
71051,753,1
27335,699,1
75446,210,1
36353,880,1
72473,167,0
31512,634,1
55939,624,1
41702,48,0
9441,886,1
24176,750,1
98476,125,0
73153,289,1
60313,122,0
40849,490,1
73948,946,1
45205,336,1
91315,64,0
95009,677,1
40680,665,1
86250,354,1
61185,724,1
88332,958,1
5027,119,0
74767,938,1
63178,43,0
70780,718,1
22592,411,1
8596,973,1
86748,14,0
79735,131,0
23238,306,0
85144,86,0
91363,386,1
78258,467,1
44711,852,1
77179,521,1
33509,845,1
50883,929,1
66098,116,0
39948,463,1
42419,435,1
43733,317,1
84516,246,1
33567,444,1
8346,24,0
6444,45,0
24914,218,0
8930,229,0
47609,471,1
69207,66,0
54692,542,1
71135,534,1
48682,424,1
32387,983,1
57047,919,1
71763,471,1
14631,706,1
27331,173,0
33788,142,0
89419,761,1
32147,990,1
99442,87,0
89813,87,0
26528,727,1
63275,351,1
55950,562,1
51614,955,1
37761,108,0
26858,387,1
73646,292,1
82893,604,1
34586,151,0
39429,580,1
54532,678,1
16553,916,1
26919,879,1
63473,545,1
83657,993,1
92633,279,1
91778,658,1
19897,937,1
68807,901,1
43535,160,0
52629,56,0
99230,917,1
30418,885,1
75834,804,1
90864,994,1
62493,488,1
60911,618,1
80583,359,1
61626,704,1
25536,397,1
25358,134,0
38522,622,1
76952,85,0
54329,666,1
50109,884,1
79677,84,0
93960,518,1
88438,825,1
67237,600,1
26750,367,1
98880,653,1
92420,512,1
28434,20,0
95855,205,1
34127,159,0
63363,289,1
36395,92,0
32497,905,1
55092,663,1
99492,857,1
49300,487,1
72013,262,1
70098,242,1
68659,73,0
5117,845,1
77975,996,1
26836,956,1
72161,218,1
54730,336,1
7233,341,0
24777,818,1
20501,342,0
79707,788,1
71137,196,0
50503,609,1
77161,520,1
59715,983,1
36759,897,1
59860,709,1
28453,406,1
87127,111,0
98990,243,1
45884,304,1
99726,985,1
62086,734,1
91119,148,0
57366,813,1
55290,664,1
16343,527,1
22774,869,1
40042,521,1
70895,550,1
29909,279,0
62493,63,0
67110,847,1
77278,304,1
68935,401,1
70565,492,1
85496,598,1
56217,102,0
67194,362,1
22457,830,1
48184,818,1
88985,9,0
94161,626,1
62196,484,1
65345,281,1
48895,202,0
54668,225,0
53352,545,1
51562,516,1
98679,552,1
32556,722,1
32096,480,1
48234,75,0
45681,165,0
93427,57,0
85190,610,1
87104,723,1
74893,927,1
44422,30,0
77642,195,0
99730,613,1
66067,28,0
82653,478,1
13202,384,0
16128,30,0
66083,311,1
79372,953,1
77898,198,0
50801,95,0
99968,437,1
84491,633,1
5625,873,1
99001,364,1
7274,308,0
95385,38,0
27350,12,0
99598,801,1
39695,583,1
55980,967,1
92636,576,1
29162,32,0
7633,964,1
73869,107,0
78494,212,1
52032,994,1
52267,830,1
68452,612,1
40569,151,0
42075,855,1
37329,205,0
37942,599,1
26631,139,0
30225,746,1
24162,988,1
99685,633,1
98753,163,0
71315,257,1
37763,364,1
62138,558,1
19516,138,0
99838,959,1
14031,394,0
59240,251,1
90973,794,1
71869,281,1
95234,267,1
46062,904,1
48551,593,1
65720,847,1
19600,956,1
86215,862,1
89844,854,1
8114,251,0
62314,8,0
44483,307,1
76198,79,0
96660,867,1
92862,639,1
74808,313,1
29453,374,1
53073,40,0
64788,701,1
11273,66,0
80396,608,1
25700,393,1
97273,930,1
27478,772,1
98475,110,0
23663,761,1
97345,650,1
25120,757,1
9148,594,1
65024,355,1
27717,90,0
93704,991,1
47909,993,1
35845,543,1
69970,799,1
16843,486,1
16324,158,0
28471,844,1
58918,256,1
92096,248,1
79781,380,1
97284,832,1
31444,943,1
42037,764,1
60614,77,0
81072,750,1
67071,602,1
87466,34,0
89694,762,1
51324,464,1
8361,331,0
93701,865,1
61527,795,1
24992,54,0
89180,883,1
96506,942,1
98382,458,1
90288,293,1
75292,880,1
58234,709,1
79809,222,1
30395,446,1
9162,419,0
93508,983,1
24003,46,0
84481,584,1
40857,848,1
49461,545,1
19673,524,1
50896,924,1
98721,346,1
31120,407,1
33892,51,0
40188,330,1
24269,254,0
51693,821,1
40981,486,1
7367,289,0
60171,670,1
62826,329,1
44299,291,1
52056,193,0
30863,2,0
85224,638,1
33259,636,1
59679,74,0
43982,329,1
38058,875,1
53235,439,1
44038,324,1
68400,891,1
35197,333,1
67986,236,1
44040,721,1
47192,549,1
11585,285,0
47300,732,1
90785,76,0
66085,20,0
23464,151,0
63288,610,1
44435,861,1
9533,8,0
20142,875,1
89242,97,0
64760,729,1
12367,907,1
71148,149,0
78264,220,1
37028,89,0
97863,318,1
96966,310,1
42604,53,0
27543,388,1
96084,40,0
99189,468,1
27542,920,1
76906,823,1
41780,412,1
52612,714,1
53378,929,1
50201,159,0
54365,57,0
78838,970,1
87573,831,1
70702,313,1
56817,772,1
72573,72,0
10329,352,0
23111,170,0
69195,252,1
42752,345,1
92432,627,1
40407,130,0
73556,542,1
40290,968,1
67753,551,1
8469,870,1
73698,171,0
89933,464,1
65807,78,0
42668,596,1
73754,351,1
17719,967,1
7328,212,0
24209,833,1
76928,857,1
89902,639,1
82441,226,1
70652,954,1
17663,653,1
9775,300,0
96043,565,1
96531,871,1
21609,766,1
24876,37,0
69265,466,1
99136,589,1
48769,769,1
45107,170,0
57361,376,1
90186,273,1
56852,628,1
89474,995,1
61480,617,1
43063,144,0
73026,735,1
93924,269,1
46049,34,0
69452,285,1
81089,234,1
7314,21,0
27733,37,0
28083,563,1
88675,261,1
42850,742,1
8103,684,1
33311,897,1
90145,929,1
89279,8,0
65985,335,1
66433,504,1
16811,142,0
29009,325,1
50974,969,1
63120,754,1
81048,13,0
21052,936,1
41004,732,1
86596,863,1
35748,226,0
54095,447,1
60488,344,1
42372,377,1
20992,49,0
53629,900,1
90781,447,1
48765,683,1
44828,894,1
28934,722,1
64720,736,1
28352,620,1
28296,1,0
46359,512,1
59934,86,0
8387,990,1
46655,101,0
44372,115,0
13193,333,0
62304,607,1
76698,271,1
69256,986,1
47067,666,1
12429,4,0
11833,605,1
94421,661,1
65199,846,1
14901,784,1
98627,658,1
62554,146,0
59315,598,1
13881,829,1
85569,330,1
63681,711,1
69077,933,1
80015,983,1
41980,257,0
79709,271,1
32753,513,1
73924,238,1
22497,643,1
5329,457,0
11573,505,1
64139,217,0
38937,638,1
87000,499,1
47352,298,1
82417,770,1
47263,772,1
84852,741,1
88714,794,1
89028,458,1
80329,748,1
28872,814,1
24214,517,1
9601,726,1
71937,780,1
33467,677,1
94895,321,1
59195,397,1
71098,29,0
30654,682,1
51715,654,1
64072,10,0
14792,748,1
77901,400,1
36671,275,0
93321,645,1
63072,791,1
53321,252,1
60434,440,1
70322,631,1
24970,700,1
65613,997,1
82501,301,1
84482,484,1
96376,387,1
25789,49,0
74423,588,1
94334,62,0
12319,22,0
56227,485,1
64140,550,1
22871,121,0
79999,201,1
39991,934,1
34480,473,1
12370,319,0
34219,531,1
90775,770,1
95897,744,1
22704,902,1
21217,585,1
91600,209,1
63807,639,1
25247,741,1
82663,966,1
45223,721,1
16082,774,1
16608,942,1
8290,847,1
61908,452,1
89188,732,1
10114,55,0
75874,362,1
52370,866,1
81768,136,0
98750,252,1
56406,442,1
31805,403,1
70805,450,1
39498,350,1
31261,666,1
94170,746,1
64153,734,1
92176,19,0
59667,89,0
14532,734,1
34451,109,0
47704,288,1
27271,817,1
31516,657,1
76182,35,0
10417,237,0
63123,400,1
20807,759,1
85869,387,1
70839,400,1
8346,166,0
97939,858,1
69799,499,1
69806,258,1
73017,858,1
83232,763,1
67612,219,1
86394,349,1
45871,958,1
11630,953,1
22830,367,1
7722,729,1
81532,902,1
56979,107,0
78947,246,1
38695,374,1
42947,390,1
99319,53,0
36982,434,1
91216,467,1
21886,271,0
51512,869,1
95716,649,1
6884,729,1
52408,231,0
66333,545,1
57725,616,1
11030,48,0
21164,619,1
80383,309,1
67803,206,0
17810,865,1
15210,507,1
98819,716,1
69347,761,1
32699,429,1
32492,897,1
69601,369,1
34400,601,1
38803,188,0
44911,583,1
93711,663,1
69977,224,1
35679,344,1
18991,458,1
44546,950,1
78488,448,1
8319,166,0
39854,989,1
22918,394,1
57298,106,0
68154,217,1
17420,524,1
29627,122,0
97105,257,1
32449,631,1
31177,248,0
29182,637,1
92994,725,1
81407,600,1
61514,535,1
9919,567,1
70125,985,1
49435,439,1
80484,464,1
71680,857,1
76918,291,1
85162,707,1
70118,458,1
77181,230,1
34719,447,1
69268,757,1
28650,806,1
75938,341,1
60728,994,1
15760,140,0
62810,480,1
71169,341,1
19145,682,1
98179,694,1
40850,532,1
6620,19,0
82256,894,1
14631,271,0
63044,484,1
23317,228,0
39016,446,1
41453,57,0
27649,702,1
30980,87,0
9184,920,1
41530,373,1
36954,443,1
31485,427,1
52635,67,0
42560,610,1
91261,289,1
13382,843,1
53882,611,1
67689,18,0
30265,474,1
88354,342,1
78560,646,1
95676,843,1
16986,473,1
69955,355,1
16035,406,1
58005,496,1
91515,650,1
26768,5,0
24794,129,0
47192,731,1
76638,550,1
21225,297,0
39440,311,1
78483,564,1
40497,678,1
56552,416,1
17469,633,1
79965,346,1
58696,58,0
50306,675,1
33879,120,0
26575,123,0
41099,341,1
78010,273,1
90816,528,1
79121,683,1
97927,361,1
66902,345,1
76455,521,1
88756,123,0
97954,95,0
23698,400,1
64219,270,1
75911,880,1
98822,160,0
93379,401,1
97133,280,1
84592,885,1
20354,441,1
40436,454,1
61899,22,0
49837,437,1
12227,606,1
36748,199,0
35689,594,1
53455,436,1
63465,816,1
31101,951,1
13033,70,0
85067,418,1
66234,74,0
27588,285,0
34653,221,0
59447,548,1
16389,115,0
20896,196,0
64983,973,1
60734,667,1
53896,329,1
8621,617,1
24477,371,1
22503,620,1
96016,824,1
74787,139,0
39550,743,1
40405,935,1
89215,952,1
88296,730,1
12225,776,1
73064,213,1
72487,99,0
59198,766,1
9690,953,1
81149,651,1
54065,805,1
98194,248,1
77868,135,0
9155,16,0
6514,650,1
86878,704,1
75543,915,1
54636,262,1
20271,907,1
45988,410,1
12866,460,1
58982,464,1
46063,614,1
16286,164,0
94381,707,1
89296,685,1
19321,19,0
54940,774,1
75973,552,1
17893,516,1
23406,815,1
73852,762,1
45319,557,1
84221,39,0
45792,911,1
62481,891,1
78787,523,1
68849,839,1
41932,641,1
51835,63,0
41161,941,1
87559,363,1
12236,466,1
15949,818,1
30678,765,1
35225,36,0
73173,255,1
57811,430,1
49993,501,1
10473,612,1
8534,535,1
48636,206,0
90857,516,1
86008,806,1
80525,474,1
28834,368,1
81082,903,1
59718,544,1
63358,688,1
34959,120,0
84516,990,1
16005,301,0
12228,405,0
31838,127,0
57032,46,0
62851,189,0
55556,969,1
27349,840,1
77003,803,1
46649,336,1
39391,511,1
47912,917,1
31356,352,1
9958,563,1
5471,209,0
63760,782,1
43675,161,0
52028,115,0
90438,47,0
66428,578,1
87799,109,0
90134,992,1
41332,962,1
17826,64,0
21172,388,1
14153,357,0
5130,871,1
84209,184,0
24823,406,1
24078,22,0
12944,659,1
19320,241,0
61559,373,1
91059,818,1
54479,857,1
63156,236,1
61081,724,1
91777,647,1
42375,711,1
77617,8,0
5714,966,1
14591,892,1
83059,701,1
61691,61,0
82333,342,1
54655,28,0
75958,290,1
44432,256,1
90011,328,1
38860,486,1
77944,748,1
69043,489,1
81749,735,1
19366,659,1
78005,517,1
71851,891,1
99415,765,1
5606,381,0
45480,685,1
93042,17,0
49947,109,0
80146,956,1
44581,391,1
5961,742,1
38750,134,0
33542,993,1
6854,500,0
23150,725,1
85888,894,1
67553,253,1
27478,577,1
66935,450,1
33468,313,1
50118,296,1
53599,327,1
68285,581,1
62618,125,0
36716,640,1
90551,8,0
15130,359,0
31428,440,1
55629,143,0
53268,498,1
70764,185,0
25023,563,1
18062,871,1
9426,585,1
31144,597,1
46782,492,1
89895,987,1
73548,773,1
8260,537,1
23183,938,1
33055,633,1
68327,578,1
12426,240,0
20160,241,0
18946,745,1
67610,322,1
97619,103,0
60166,574,1
66352,853,1
25785,639,1
78762,168,0
40399,738,1
98053,692,1
14635,717,1
61637,565,1
95026,681,1
73332,265,1
42881,818,1
34854,902,1
20065,581,1
96057,969,1
13003,295,0
61435,456,1
49617,722,1
63867,260,1
23067,735,1
10717,672,1
69076,195,0
11874,367,0
52657,333,1
9914,974,1
97409,174,0
64805,280,1
97737,61,0
65122,779,1
91139,616,1
54584,225,0
43497,695,1
23374,908,1
15411,808,1
63519,247,1
43906,764,1
44801,361,1
5562,291,0
41090,607,1
40208,77,0
40655,130,0
43497,906,1
20277,517,1
93379,868,1
57123,883,1
66393,511,1
87774,756,1
66550,827,1
76411,247,1
28749,765,1
68051,365,1
53521,76,0
86480,743,1
17256,795,1
82181,278,1
84608,913,1
74308,242,1
7475,51,0
9287,488,0
45744,220,0
45155,753,1
66293,435,1
24524,360,1
20164,811,1
25213,275,0
66305,185,0
32248,169,0
96691,678,1
60945,971,1
62965,774,1
14114,318,0
36407,909,1
41794,511,1
19266,55,0
59356,146,0
12252,847,1
39658,229,0
93717,899,1
89219,273,1
55104,608,1
44748,771,1
6016,200,0
94985,632,1
18038,746,1
77669,437,1
64307,44,0
67968,640,1
64427,117,0
35090,771,1
27611,680,1
84661,129,0
17918,314,0
16480,610,1
19525,706,1
77758,331,1
76548,569,1
56367,664,1
13904,172,0
72798,811,1
31522,232,0
86284,790,1
73368,867,1
82140,781,1
77593,365,1
99316,491,1
87214,787,1
39457,324,1
12610,488,1
38838,3,0
28796,590,1
80968,760,1
98152,66,0
97920,287,1
33251,672,1
96715,281,1
60406,876,1
24481,18,0
29097,476,1
89569,935,1
67563,687,1
91286,187,0
37612,989,1
27284,482,1
66201,59,0
59947,321,1
25943,364,1
14252,155,0
88758,505,1
17403,885,1
52059,665,1
79477,775,1
33855,227,0
67914,569,1
83229,248,1
51004,480,1
84283,749,1
44942,960,1
36726,738,1
57258,516,1
5783,95,0
89427,744,1
74316,948,1
31719,902,1
16667,142,0
82311,378,1
58710,250,1
95914,551,1
13829,247,0
73282,404,1
89992,849,1
36198,906,1
64860,828,1
74668,53,0
25704,585,1
22561,612,1
33772,40,0
98501,116,0
34401,998,1
58381,564,1
85175,953,1
84828,660,1
30465,994,1
93447,365,1
82026,586,1
74720,255,1
87818,665,1
23233,23,0
69169,327,1
34546,336,1
92525,334,1
51669,669,1
77936,349,1
24329,661,1
72770,946,1
24833,961,1
21562,432,1
20000,480,1
19725,600,1
31817,900,1
83228,80,0
11397,611,1
11775,377,0
41673,972,1
61525,886,1
99050,507,1
41335,627,1
83616,714,1
92304,54,0
93876,651,1
51030,955,1
20539,635,1
62806,815,1
93385,528,1
15046,370,0
64781,928,1
84575,56,0
54419,717,1
89675,641,1
96380,536,1
90217,317,1
40280,486,1
57881,902,1
12807,809,1
23487,652,1
75776,475,1
56786,806,1
72051,694,1
17528,392,1
32103,308,1
72588,936,1
92385,528,1
60187,946,1
53688,210,0
54900,308,1
74145,994,1
77374,728,1
86041,397,1
59066,777,1
11737,174,0
20328,602,1
25958,490,1
78046,971,1
10062,179,0
59487,154,0
87151,552,1
38871,640,1
89668,877,1
27927,886,1
57737,531,1
78451,695,1
32633,641,1
88536,31,0
45550,501,1
60196,390,1
36952,566,1
67935,182,0
34382,298,1
25173,242,0
89443,771,1
87914,48,0
54086,871,1
53168,422,1
40048,977,1
32323,404,1
16097,536,1
8650,440,0
89164,635,1
40253,846,1
24440,523,1
11408,110,0
43344,282,1
22951,399,1
77115,678,1
61885,995,1
56009,288,1
71476,474,1
94709,580,1
81115,680,1
19413,67,0
16394,908,1
87487,536,1
13257,122,0
38067,959,1
97442,621,1
38915,147,0
84104,217,1
67788,792,1
68145,396,1
82395,529,1
8732,404,0
79061,418,1
53760,664,1
80073,526,1
92994,575,1
59298,951,1
15671,643,1
21213,45,0
9179,485,0
12417,628,1
68601,409,1
80376,444,1
24099,432,1
81346,567,1
65344,100,0
74354,306,1
48609,872,1
81703,642,1
26501,528,1
23267,32,0
35944,193,0
66537,202,0
34139,554,1
54568,513,1
29915,492,1
34008,952,1
27715,611,1
29443,549,1
6909,757,1
43443,546,1
65605,907,1
62050,793,1
47682,10,0
21313,747,1
83050,772,1
76755,687,1
94079,976,1
76664,829,1
88143,135,0
53027,374,1
37393,405,1
92315,347,1
13910,81,0
14972,774,1
87684,566,1
20657,971,1
80288,687,1
72277,579,1
24385,794,1
93586,467,1
55003,489,1
15062,846,1
37792,497,1
88006,527,1
7394,110,0
6658,322,0
39134,774,1
18504,42,0
69640,687,1
83420,494,1
65172,42,0
63828,342,1
15367,199,0
35776,924,1
42084,856,1
46763,14,0
86292,178,0
12548,374,0
5369,763,1
56530,797,1
6409,742,1
97675,77,0
80973,12,0
35769,345,1
25764,476,1
64045,287,1
39274,2,0
37168,224,0
82717,491,1
80613,757,1
26866,20,0
48841,216,0
58096,352,1
58790,166,0
88379,693,1
60067,519,1
70153,792,1
31623,969,1
47233,400,1
47213,540,1
27813,385,1
32115,516,1
70969,806,1
25698,460,1
49068,335,1
38687,39,0
95913,190,1
98685,531,1
78655,114,0
74741,598,1
16862,560,1
62670,661,1
78626,172,0
85813,124,0
44519,39,0
8172,397,0
49622,635,1
51073,512,1
6559,865,1
71027,765,1
32782,243,0
30957,303,1
79690,718,1
61448,132,0
35261,582,1
66110,748,1
30673,632,1
60731,5,0
77521,834,1
38932,358,1
16777,704,1
61725,957,1
91790,218,1
13549,351,0
65893,188,0
54118,451,1
98826,607,1
42142,728,1
75633,178,0
25840,681,1
55648,87,0
8408,32,0
17308,731,1
70770,8,0
82317,596,1
82396,6,0
59246,30,0
61021,746,1
18896,883,1
26558,920,1
44064,187,0
28977,715,1
69809,761,1
28090,875,1
41619,810,1
38653,547,1
81433,327,1
88130,644,1
50097,486,1
37598,1,0
50167,613,1
41016,895,1
60847,141,0
38087,259,0
59941,860,1
66377,85,0
78540,936,1
17717,669,1
98654,667,1
93733,356,1
38915,573,1
60017,397,1
92312,609,1
63606,417,1
79347,191,0
75284,126,0
87947,102,0
25417,137,0
42049,342,1
84698,246,1
60398,87,0
58828,721,1
52584,446,1
17289,252,0
70562,404,1
85362,662,1
72140,696,1
85137,383,1
44706,452,1
88794,774,1
60805,626,1
15198,39,0
72903,485,1
45190,945,1
94180,709,1
63826,388,1
32648,303,1
95883,14,0
93958,911,1
49690,386,1
68015,592,1
36014,96,0
15845,242,0
58700,891,1
61992,582,1
28675,262,0
5826,113,0
9918,211,0
79760,733,1
80647,243,1
51738,970,1
16701,75,0
27835,908,1
76076,847,1
5207,219,0
76844,376,1
17108,931,1
69981,971,1
99184,739,1
41592,561,1
85834,441,1
88399,303,1
39973,940,1
90307,444,1
11056,90,0
22793,395,1
48116,672,1
70388,960,1
54907,39,0
33402,560,1
6250,727,1
71647,298,1
33465,466,1
30341,570,1
30520,438,1
56558,727,1
17649,748,1
5420,296,0
47763,45,0
95940,665,1
65102,179,0
56504,484,1
84811,249,1
36729,122,0
18887,52,0
66877,932,1
36663,425,1
40226,992,1
89373,822,1
30511,738,1
53200,19,0
99188,147,0
82735,501,1
76531,424,1
96519,406,1
50274,142,0
50459,239,0
88336,384,1
95142,159,0
30911,603,1
93583,165,0
20675,967,1
58143,7,0
43027,164,0
51455,570,1
73259,557,1
18005,360,0
43094,901,1
7755,54,0
18945,226,0
80161,331,1
28891,932,1
65051,597,1
82913,446,1
97084,663,1
8614,969,1
58108,483,1
93395,643,1
98293,391,1
20504,604,1
19445,86,0
16189,828,1
97982,348,1
78517,818,1
41611,763,1
76083,566,1
51776,429,1
31167,282,0
39577,468,1
60200,618,1
63463,432,1
50111,631,1
45341,98,0
56851,489,1
72685,788,1
8402,310,0
13656,163,0
13348,928,1
82156,32,0
78440,716,1
7388,629,1
40604,283,1
7453,883,1
15288,218,0
42050,581,1
51446,783,1
47774,762,1
83136,943,1
82377,230,1
47495,812,1
84705,370,1
7464,414,0
66633,787,1
58839,28,0
61857,941,1
8377,657,1
25211,182,0
19775,548,1
62785,851,1
44881,670,1
13399,676,1
56847,920,1
19640,481,1
82610,917,1
49786,812,1
41696,4,0
68202,244,1
54813,696,1
70170,669,1
69315,780,1
74664,306,1
83094,224,1
72200,492,1
54428,372,1
49290,596,1
59317,707,1
84367,642,1
96965,420,1
80609,940,1
16879,515,1
74262,819,1
97850,734,1
10471,435,0
23051,340,1
38556,736,1
17766,493,1
19488,122,0
25342,432,1
94297,273,1
42792,712,1
79042,937,1
84546,106,0
92716,769,1
59955,93,0
55212,332,1
6891,856,1
10394,167,0
62305,623,1
55014,739,1
86693,200,1
93153,733,1
36434,894,1
94612,463,1
95079,865,1
17913,498,1
27528,339,1
41140,319,1
84174,693,1
96485,668,1
22639,348,1
60216,28,0
89107,125,0
70804,87,0
23946,278,0
87421,664,1
83453,945,1
91048,889,1
21175,555,1
92538,181,0
28271,420,1
83484,265,1
19192,31,0
53057,829,1
78386,290,1
34822,553,1
40879,339,1
87723,524,1
44709,929,1
81596,952,1
33471,692,1
89506,223,1
57753,450,1
93253,486,1
36987,50,0
18704,258,0
30097,361,1
60081,2,0
63432,345,1
92471,124,0
70995,436,1
33986,670,1
82053,79,0
56403,994,1
36729,598,1
59915,382,1
31178,202,0
82306,276,1
31379,962,1
42621,597,1
13491,936,1
23410,382,1
79014,979,1
18656,318,0
75353,635,1
89176,338,1
12145,580,1
56517,878,1
99242,140,0
21684,324,0
79386,469,1
49392,495,1
76258,949,1
9399,82,0
59121,645,1
50377,401,1
71777,331,1
79585,804,1
7520,500,0
64904,668,1
30738,959,1
57714,582,1
5253,798,1
38324,522,1
82928,11,0
17636,754,1
62323,206,0
56813,724,1
69084,668,1
97693,878,1
46834,49,0
81213,96,0
36010,559,1
22344,363,1
62147,717,1
87916,694,1
68269,342,1
52901,294,1
12897,465,1
63745,578,1
46291,799,1
60390,317,1
43423,14,0
73658,537,1
99205,751,1
73918,591,1
23894,323,0
64878,773,1
65355,656,1
83341,583,1
29435,701,1
73352,524,1
82317,538,1
78136,259,1
95915,350,1
34545,668,1
85173,874,1
29042,6,0
68413,949,1
43555,960,1
10533,822,1
90671,785,1
73209,833,1
29150,930,1
18579,603,1
31553,833,1
82892,385,1
57620,40,0
23837,192,0
20334,42,0
89815,746,1
98875,608,1
6971,105,0
72819,570,1
40102,797,1
51130,678,1
16378,320,0
21619,470,1
81352,378,1
80077,816,1
44120,697,1
25866,521,1
45554,387,1
73081,517,1
36458,533,1
42957,295,1
26142,593,1
30433,226,0
20211,310,0
43776,208,0
90850,156,0
75511,446,1
82893,849,1
32699,316,1
66816,282,1
34759,101,0
27639,388,1
6609,987,1
90920,597,1
27035,865,1
85141,387,1
27327,372,1
76639,374,1
46853,628,1
53270,504,1
25060,625,1
55711,268,1
24919,697,1
45959,925,1
71552,990,1
7692,861,1
32813,353,1
45851,536,1
84101,756,1
50945,894,1
40595,126,0
88059,244,1
5242,210,0
20368,737,1
17786,153,0
57263,843,1
13488,16,0
50816,207,0
99737,240,1
57003,924,1
98896,532,1
65283,43,0
14383,911,1
97954,553,1
75295,239,1
72553,750,1
56485,37,0
66835,963,1
42062,733,1
13393,619,1
30321,613,1
66918,683,1
93184,724,1
7220,305,0
38691,418,1
92648,565,1
15814,299,0
75422,792,1
66728,141,0
68944,13,0
98459,646,1
11063,660,1
38392,172,0
73723,307,1
67371,332,1
7258,137,0
35164,556,1
47594,991,1
84539,272,1
81814,633,1
94878,73,0
82779,648,1
7889,355,0
82255,361,1
13527,734,1
9771,487,0
47652,736,1
29618,877,1
94534,266,1
41678,545,1
99567,659,1
60015,607,1
20835,360,1
72223,567,1
68573,924,1
80687,926,1
89233,103,0
57436,146,0
65140,642,1
46021,799,1
32115,398,1
47079,361,1
20956,369,1
94302,786,1
75465,25,0
42888,97,0
29050,976,1
66516,388,1
46647,244,0
66001,107,0
96571,814,1
58882,717,1
38470,740,1
38912,398,1
14141,18,0
89446,132,0
17556,55,0
10721,191,0
62455,788,1
63245,461,1
50649,250,1
96070,965,1
48637,702,1
46837,668,1
88428,786,1
62095,817,1
31564,439,1
59239,798,1
45104,369,1
5712,650,1
59169,65,0
20088,297,0
68238,676,1
83775,637,1
23668,227,0
96777,988,1
7165,949,1
86745,362,1
86834,603,1
52277,414,1
22874,923,1
18248,367,0
23208,89,0
87358,724,1
53590,12,0
33327,541,1
38151,363,1
9313,627,1
25841,64,0
82713,895,1
49302,739,1
74481,165,0
66865,580,1
42864,476,1
42607,776,1
17770,166,0
68434,820,1
11521,34,0
83257,218,1
94642,379,1
22799,678,1
83747,333,1
95680,729,1
81903,622,1
85231,506,1
39127,419,1
96650,635,1
20037,564,1
77480,963,1
65795,806,1
49419,156,0
18706,540,1
13569,100,0
41318,214,0
7931,539,1
74263,474,1
61200,936,1
69796,98,0
81996,484,1
61351,733,1
50731,292,1
44750,958,1
21926,338,0
47380,593,1
55101,185,0
46555,373,1
44483,107,0
89994,933,1
73783,45,0
46644,68,0
51282,217,0
91226,873,1
91426,175,0
80187,499,1
99158,932,1
20133,909,1
39078,265,0
54744,980,1
27088,452,1
10185,295,0
78359,727,1
49085,725,1
90927,539,1
28528,16,0
12366,561,1
33697,334,1
90000,589,1
49356,19,0
19305,406,1
31681,119,0
31129,383,1
12347,944,1
71057,921,1
74204,469,1
7673,268,0
58555,281,1
25571,352,1
5316,711,1
38901,900,1
51172,714,1
49283,401,1
63079,433,1
43726,259,1
81628,786,1
63840,226,1
44215,269,1
6952,341,0
66968,640,1
31321,979,1
55586,311,1
13814,571,1
52958,985,1
97772,551,1
77081,142,0
8489,300,0
50136,249,1
11137,409,0
93823,585,1
42033,732,1
65316,674,1
29124,61,0
58425,884,1
9356,191,0
40387,798,1
30642,731,1
81317,967,1
47353,215,0
59065,155,0
16976,989,1
41746,568,1
77886,6,0
42480,824,1
30560,21,0
68543,212,0
59975,585,1
53541,188,0
64854,597,1
59842,50,0
43099,571,1
17168,431,1
91438,114,0
74697,789,1
53479,89,0
50101,878,1
84481,273,1
39351,376,1
76333,609,1
51284,605,1
11760,99,0
30730,853,1
77651,574,1
95187,886,1
77104,388,1
68500,543,1
59596,945,1
51188,158,0
89940,923,1
83258,194,0
79531,161,0
92966,558,1
68642,769,1
43375,824,1
53196,431,1
81476,684,1
93245,259,1
9415,630,1
10399,636,1
5613,330,0
41537,548,1
62096,500,1
39639,61,0
56070,54,0
70205,281,1
72756,618,1
24529,380,1
26059,215,0
57978,704,1
90600,36,0
61696,940,1
34451,828,1
36399,158,0
9049,568,1
81308,851,1
60650,418,1
44827,217,0
42449,950,1
66008,746,1
96989,561,1
36472,900,1
22167,787,1
17836,390,1
30019,774,1
73575,111,0
77700,708,1
40988,662,1
31011,685,1
14961,441,1
68758,152,0
83532,396,1
91751,150,0
69065,64,0
13625,332,0
65740,699,1
31141,665,1
39735,134,0
74064,134,0
94473,516,1
52167,176,0
70379,440,1
77976,678,1
89944,205,1
27674,721,1
91711,78,0
42536,445,1
45854,226,0
97583,929,1
55385,128,0
47113,732,1
54822,684,1
56405,472,1
19415,705,1
20958,12,0
58326,419,1
24178,679,1
24507,913,1
64929,766,1
27157,42,0
21158,25,0
87757,294,1
69220,849,1
52757,272,1
70643,884,1
59679,15,0
31420,783,1
68888,177,0
43549,959,1
43636,402,1
48211,777,1
50912,700,1
51892,9,0
31151,215,0
71016,994,1
67867,140,0
58601,666,1
42837,160,0
81324,448,1
38322,100,0
76278,287,1
93822,354,1
93214,615,1
78504,716,1
44711,617,1
25868,657,1
20407,901,1
39092,97,0
84704,510,1
44358,129,0
88154,197,1
90299,972,1
9854,279,0
28822,555,1
79311,732,1
13419,239,0
66154,708,1
17460,137,0
91419,81,0
42513,664,1
71633,908,1
41151,461,1
73764,642,1
38021,263,0
78242,357,1
16611,856,1
83042,197,1
84150,115,0
52970,280,1
38089,89,0
7759,567,1
54600,391,1
40851,321,1
84201,451,1
40929,160,0
51323,422,1
74961,774,1
20517,949,1
52045,441,1
99303,121,0
46341,421,1
75127,671,1
94402,271,1
59226,885,1
11182,589,1
48082,238,0
31625,212,0
32760,48,0
75979,510,1
78946,539,1
12189,646,1
54437,381,1
28225,905,1
85519,265,1
44596,504,1
63531,846,1
56300,824,1
42911,861,1
87879,495,1
11043,672,1
31189,518,1
66986,789,1
19979,66,0
53338,970,1
43447,257,0
69235,757,1
99968,45,0
93048,491,1
37467,889,1
72583,288,1
81732,789,1
65663,574,1
32705,59,0
62658,562,1
51330,158,0
31952,253,0
58528,206,0
85065,578,1
12550,567,1
91097,22,0
31778,649,1
67779,322,1
72521,419,1
34904,660,1
31191,697,1
46406,452,1
14545,851,1
41831,898,1
35649,555,1
74539,154,0
97057,58,0
78316,581,1
97499,593,1
58789,748,1
49473,879,1
26949,71,0
35010,753,1
24714,147,0
43471,520,1
56812,346,1
66053,936,1
51648,993,1
56735,349,1
42801,47,0
37511,699,1
86317,971,1
78799,414,1
96696,531,1
34265,102,0
21494,456,1
8267,228,0
31093,463,1
21584,529,1
79424,609,1
95296,154,0
53620,167,0
22102,354,1
93619,919,1
97732,807,1
38272,132,0
76222,418,1
61161,121,0
32048,628,1
9916,443,0
38295,200,0
44510,664,1
59701,953,1
75559,713,1
16115,568,1
86644,124,0
87684,308,1
42653,131,0
82108,16,0
79728,20,0
94793,655,1
47929,385,1
36436,903,1
59735,242,1
52194,765,1
91447,674,1
57699,727,1
56300,747,1
23747,59,0
67873,22,0
39783,541,1
12728,993,1
32584,867,1
93255,435,1
84342,289,1
6078,698,1
44138,207,0
64736,319,1
41798,370,1
9277,326,0
94354,828,1
47461,972,1
89824,620,1
9250,942,1
89642,189,0
50560,908,1
80119,400,1
22671,303,0
33124,427,1
13678,995,1
27701,731,1
7381,830,1
65690,367,1
77009,951,1
25402,592,1
60405,1,0
93853,392,1
51505,679,1
63544,732,1
11309,179,0
31770,328,1
90331,581,1
79664,755,1
83103,668,1
86803,14,0
67685,894,1
51432,86,0
72319,314,1
49923,102,0
64162,533,1
55586,748,1
28199,717,1
6785,124,0
35133,167,0
62860,176,0
5180,890,1
49694,803,1
43901,871,1
27003,330,1
75204,654,1
17148,121,0
32466,46,0
96781,955,1
28533,640,1
73621,454,1
72897,263,1
60074,411,1
61435,109,0
85110,151,0
51444,397,1
91223,97,0
17924,149,0
8585,338,0
53453,687,1
64453,551,1
71993,916,1
20124,793,1
94629,556,1
32957,45,0
63941,911,1
57370,307,1
64673,679,1
35596,69,0
8590,849,1
62515,816,1
51660,769,1
46808,446,1
53087,20,0
9401,114,0
89866,382,1
87030,795,1
59521,36,0
10982,232,0
42094,463,1
6665,935,1
25699,512,1
23245,912,1
87433,811,1
24798,988,1
57972,380,1
35153,986,1
40621,130,0
14352,61,0
65445,590,1
30545,942,1
11490,539,1
93919,201,1
66093,909,1
83873,404,1
64154,658,1
57243,190,0
29382,920,1
42316,656,1
36267,605,1
9353,614,1
45762,402,1
87756,571,1
66280,556,1
83474,289,1
12557,491,1
18956,376,1
12149,685,1
38117,354,1
44578,587,1
64832,359,1
64262,403,1
5704,610,0
41766,818,1
45481,732,1
32852,434,1
36148,481,1
88848,875,1
7643,740,1
68491,132,0
82145,681,1
85348,980,1
63002,655,1
44353,881,1
5204,90,0
48401,747,1
46006,811,1
39841,162,0
78660,628,1
78732,31,0
14611,858,1
80618,754,1
65941,752,1
86028,447,1
19882,444,1
56496,488,1
33780,855,1
17276,870,1
25210,675,1
44284,224,0
6683,673,1
45288,800,1
85505,757,1
66586,117,0
87321,457,1
93850,808,1
20936,132,0
30464,960,1
5569,394,0
30874,199,0
46123,785,1
25289,106,0
30403,403,1
13345,597,1
18153,75,0
35749,859,1
13080,106,0
30459,791,1
34585,700,1
10208,34,0
22794,768,1
92883,582,1
94664,842,1
96153,461,1
39933,1,0
70646,243,1
39716,408,1
19621,86,0
61775,510,1
95069,937,1
58861,568,1
22035,805,1
7534,525,0
60007,90,0
76752,208,1
95265,792,1
94863,655,1
6248,167,0
25738,362,1
21671,705,1
39767,801,1
51137,608,1
38621,855,1
93518,725,1
32618,814,1
47959,25,0
37265,184,0
80083,814,1
94772,965,1
29004,468,1
28325,785,1
64537,362,1
89790,303,1
38885,517,1
66247,230,1
29071,252,0
44736,258,1
33722,784,1
18819,618,1
6332,638,1
6170,663,1
40422,801,1
54351,945,1
36420,911,1
48494,103,0
14227,326,0
22943,69,0
54270,782,1
72197,432,1
53317,393,1
71534,35,0
53141,135,0
58198,135,0
28673,397,1
62758,21,0
73694,326,1
29638,541,1
77158,735,1
93647,535,1
58515,221,0
14847,899,1
23277,457,1
36645,403,1
65068,646,1
73385,649,1
10085,881,1
45680,617,1
56453,764,1
24774,574,1
85887,182,0
59484,988,1
71757,786,1
37404,876,1
69515,649,1
26726,491,1
25706,422,1
13694,825,1
87547,266,1
54984,812,1
7703,397,0
85438,459,1
50113,773,1
88689,72,0
50179,47,0
82309,324,1
93159,475,1
78590,111,0
71907,696,1
88909,617,1
27662,547,1
63717,838,1
29703,888,1
74217,720,1
56244,453,1
52043,804,1
5367,861,1
76964,431,1
95110,487,1
23397,332,0
79709,910,1
66257,732,1
20196,491,1
69452,29,0
43802,438,1
37093,667,1
25448,760,1
12818,992,1
11992,113,0
19909,627,1
11008,231,0
75636,100,0
83434,906,1
38013,992,1
15391,162,0
96253,188,1
24642,573,1
18374,828,1
89653,798,1
71918,58,0
25510,833,1
63358,580,1
19478,774,1
26721,290,0
42268,7,0
98480,718,1
15875,679,1
21335,497,1
19360,748,1
8811,351,0
26937,346,1
78569,749,1
90980,589,1
30937,723,1
23394,774,1
47834,674,1
91074,959,1
9890,962,1
76330,174,0
80716,836,1
53335,346,1
47258,298,1
51096,954,1
46758,970,1
48502,301,1
40878,949,1
97211,60,0
62508,782,1
12542,140,0
95033,400,1
57080,165,0
52003,401,1
81775,990,1
83419,898,1
38846,246,0
97580,318,1
22505,704,1
40943,701,1
97134,48,0
25345,177,0
50953,98,0
20515,681,1
67527,742,1
37411,192,0
16419,900,1
45626,890,1
30662,821,1
98897,172,0
53642,244,1
22828,554,1
42683,547,1
6112,923,1
24394,924,1
61278,978,1
52693,580,1
55104,272,1
98690,634,1
42483,579,1
83383,202,1
40998,257,0
60135,23,0
42736,912,1
95236,994,1
87503,887,1
52034,215,0
98570,632,1
77119,290,1
87547,480,1
28120,552,1
38742,802,1
43035,759,1
18699,217,0
18197,561,1
26959,430,1
9341,703,1
19608,771,1
57542,769,1
61788,125,0
65294,931,1
57225,859,1
71136,657,1
38266,747,1
19852,111,0
55542,426,1
45916,546,1
78598,10,0
80456,996,1
84318,363,1
82509,88,0
51679,3,0
40922,428,1
21505,75,0
17201,396,1
8351,290,0
80088,69,0
56451,591,1
96524,598,1
97256,796,1
11269,187,0
23147,163,0
25570,112,0
24887,657,1
6905,444,0
24237,715,1
31936,628,1
35025,514,1
91217,317,1
84290,464,1
78289,782,1
28675,289,0
46565,351,1
55874,959,1
55582,603,1
54625,946,1
6907,61,0
13588,546,1
13321,240,0
44632,494,1
87359,685,1
43635,84,0
22734,872,1
51516,392,1
58844,474,1
9564,472,0
63220,581,1
54872,901,1
25005,859,1
67171,695,1
64506,477,1
57266,685,1
13044,447,1
5814,113,0
26856,846,1
7152,116,0
98542,845,1
21589,946,1
68215,299,1
43940,299,1
76648,887,1
83006,799,1
12833,560,1
52668,641,1
39106,895,1
12206,499,1
32891,483,1
87527,657,1
69392,975,1
82846,886,1
18565,156,0
98218,425,1
27008,791,1
62765,630,1
49009,863,1
64116,432,1
75252,725,1
40617,281,1
14606,522,1
40476,855,1
21300,868,1
16990,227,0
50971,923,1
75965,8,0
77619,717,1
24232,235,0
54265,136,0
96356,666,1
51787,68,0
94607,511,1
55535,146,0
71241,905,1
70981,277,1
16139,712,1
92450,507,1
48399,104,0
91921,102,0
79833,762,1
93422,14,0
59732,678,1
9952,273,0
85431,865,1
19268,908,1
66260,102,0
55859,118,0
55771,40,0
21075,602,1
8111,208,0
43575,494,1
34013,262,0
62614,232,1
48734,636,1
64459,37,0
66134,144,0
38648,633,1
22801,68,0
10665,883,1
93040,639,1
73800,967,1
23399,195,0
26663,453,1
12905,2,0
68364,335,1
83391,497,1
54975,633,1
85341,661,1
41629,374,1
68774,285,1
83240,90,0
53068,483,1
98207,311,1
72480,617,1
9517,285,0
41534,611,1
61346,676,1
74812,749,1
47058,299,1
29473,920,1
10896,448,0
86718,730,1
69074,41,0
13951,133,0
25400,336,1
20985,496,1
58981,163,0
96932,756,1
97026,472,1
8393,180,0
64658,817,1
32019,474,1
16879,686,1
97879,731,1
50086,231,0
34219,973,1
49897,608,1
10362,237,0
46964,221,0
35180,781,1
74919,597,1
15458,211,0
99369,660,1
63796,844,1
63563,356,1
37362,940,1
85714,597,1
82516,868,1
33048,1,0
8431,760,1
34846,406,1
93545,951,1
90603,285,1
9474,215,0
17894,726,1
76725,320,1
39670,529,1
60678,291,1
83692,749,1
20693,238,0
35700,336,1
46422,91,0
37101,804,1
61573,175,0
43371,312,1
10758,392,0
75276,550,1
82276,859,1
73358,399,1
30693,820,1
43471,556,1
63590,40,0
91257,118,0
83614,723,1
22731,344,1
41228,879,1
26373,911,1
41133,1,0
88003,850,1
68430,34,0
36778,999,1
90478,266,1
49028,760,1
65791,361,1
27394,526,1
98841,334,1
57995,113,0
68921,208,0
14745,85,0
36640,898,1
52139,653,1
16175,386,0
31128,741,1
72651,673,1
57606,416,1
80126,932,1
95114,484,1
38323,564,1
40798,199,0
43490,347,1
36574,316,1
67647,113,0
64925,758,1
18384,827,1
55481,252,1
66541,875,1
31765,303,1
86483,15,0
51148,246,1
86170,904,1
42339,815,1
69855,67,0
88866,666,1
35904,192,0
29955,913,1
27894,928,1
33688,364,1
27576,638,1
63226,809,1
44065,741,1
95925,779,1
16801,494,1
98317,662,1
13831,551,1
84657,296,1
37244,448,1
86278,102,0
50641,953,1
67816,173,0
43984,452,1
32700,634,1
63564,621,1
79471,595,1
30769,896,1
62249,950,1
65759,965,1
25556,470,1
61155,958,1
85544,920,1
51579,454,1
14972,35,0
16853,135,0
78496,730,1
25448,556,1
61298,456,1
24538,677,1
51822,641,1
26617,494,1
7221,264,0
50866,82,0
40996,728,1
68907,168,0
67488,441,1
36817,464,1
40213,56,0
71651,240,1
33693,922,1
37535,629,1
84405,925,1
46579,625,1
